coin,symbol,price,1h,24h,7d,24h_volume,mkt_cap,date
Huobi BTC,HBTC,41217.27,0.026,0.039,0.068,190002,1637583015,2022-03-16
Bitcoin,BTC,40859.46,0.022,0.03,0.055,35390763321,7.71E+11,2022-03-16
Wrapped Bitcoin,WBTC,40820.44,0.02,0.03,0.055,443045583,11077637101,2022-03-16
Interest Bearing Bitcoin,IBBTC,40647.97,0.019,0.023,0.052,3253.9,187618251,2022-03-16
sBTC,SBTC,40609.35,0.02,0.026,0.054,1195100,162541982,2022-03-16
renBTC,RENBTC,40555.22,0.016,0.034,0.048,14829115,602582895,2022-03-16
yearn.finance,YFI,18982.86,0.017,0.017,-0.014,81875140,678377900,2022-03-16
Meerkat Shares,MSHARE,12965.17,0.013,0.03,0.922,8304162,115928010,2022-03-16
Ion,ION,7053.41,0.007,0.001,-0.143,100410,150512232,2022-03-16
cVault.finance,CORE,6768.4,0.016,0.031,0.004,295513,68514733,2022-03-16
Tomb Shares,TSHARE,2920.47,0.043,0.077,-0.351,10610367,113643147,2022-03-16
Lido Staked Ether,STETH,2745.31,0.026,0.035,0.067,20327033,6972219575,2022-03-16
Ethereum,ETH,2744.41,0.024,0.034,0.065,19748695312,3.27E+11,2022-03-16
sETH2,SETH2,2740.47,0.027,0.035,0.068,19698.74,114815124,2022-03-16
sETH,SETH,2732.47,0.025,0.034,0.065,5049393,95094991,2022-03-16
Gains Farm,GFARM2,2267.65,0.013,0.033,0.036,133497,81067367,2022-03-16
Ankr Reward-Bearing Staked ETH,AETHC,2196.39,0.021,0.002,-0.02,1309490,116894099,2022-03-16
DFI.money,YFII,2051.79,0.022,0.086,0.104,16874472,81618922,2022-03-16
Maker,MKR,1982.58,0.029,0.071,0.129,92847731,1772467945,2022-03-16
Tether Gold,XAUT,1950.12,0.003,-0.002,-0.044,3689853,480346972,2022-03-16
PAX Gold,PAXG,1935.78,0.007,0.005,-0.057,30748651,611668819,2022-03-16
Beefy.Finance,BIFI,1455.73,0.012,0.047,-0.059,1429792,112999254,2022-03-16
Dopex,DPX,1126.14,0.034,0.006,0.031,4629323,200498616,2022-03-16
Illuvium,ILV,519.92,0.023,0.038,0.033,11072513,332435430,2022-03-16
BNB,BNB,383.43,0.018,0.028,0.004,1395853984,64043816800,2022-03-16
Keep3rV1,KP3R,360.63,0.007,0.022,0.006,22218089,135437476,2022-03-16
Gnosis,GNO,298.83,0.021,0.025,-0.003,2883611,553256284,2022-03-16
Bitcoin Cash,BCH,295.57,0.018,0.015,0.039,1378527955,5613130722,2022-03-16
Wonderland,TIME,196.83,0.017,0.011,-0.085,1483133,179963381,2022-03-16
Monero,XMR,189.34,0.003,0.011,-0.073,251596905,3416516046,2022-03-16
Elrond,EGLD,162.55,0.025,0.049,0.229,318813970,3550487729,2022-03-16
DeFi Pulse Index,DPI,155.37,0.029,0.042,0.054,207236,72755648,2022-03-16
Zcash,ZEC,148.94,0.02,0.065,0.075,276825707,1801878133,2022-03-16
Metis Token,METIS,146.38,0.026,0.009,-0.047,38905039,436965500,2022-03-16
Aave,AAVE,137.44,0.037,0.131,0.129,282336331,1862097786,2022-03-16
LINK,LN,129.46,0.036,0.018,0.024,1207902,759436472,2022-03-16
Kusama,KSM,126.84,0.025,0.04,0.038,65896976,1132594631,2022-03-16
chrono.tech,TIME,118.16,0.023,0.036,-0.147,295233,83232136,2022-03-16
Redacted Cartel,BTRFLY,114.27,0.009,0.004,-0.204,580990,68675140,2022-03-16
Quant,QNT,112.58,0.018,0.003,0.013,23727064,1505335556,2022-03-16
Compound,COMP,109.58,0.026,0.045,0.052,40756551,726097698,2022-03-16
Litecoin,LTC,109.44,0.016,0.013,0.089,735718470,7629784997,2022-03-16
KeeperDAO,ROOK,108.14,0.005,0.022,-0.001,420336,87457228,2022-03-16
Dopex Rebate Token,RDPX,101.45,0.056,0.04,0.113,3498225,90554011,2022-03-16
Dash,DASH,97.64,0.016,0.005,0.03,245449241,1035525179,2022-03-16
Alchemix,ALCX,95.14,0.028,-0.042,-0.125,8581305,111651916,2022-03-16
Nexus Mutual,NXM,92.51,0.026,0.035,0.065,1909.73,633750394,2022-03-16
Terra,LUNA,89.51,0.024,-0.005,0.046,2661508267,32945963147,2022-03-16
Marinade staked SOL,MSOL,88.63,0.025,0.014,0.043,18662090,578275391,2022-03-16
Lido Staked SOL,STSOL,87.91,0.024,0.013,0.04,4624558,233265607,2022-03-16
Solana,SOL,85.61,0.024,0.014,0.041,1776167313,27535891424,2022-03-16
Bitcoin SV,BSV,77.11,0.013,0.015,-0.019,135219354,1461042552,2022-03-16
Veritaseum,VERI,75.29,0.034,0.502,0.4,128316,161292251,2022-03-16
Avalanche,AVAX,73.69,0.034,0.032,0.011,866838890,19563622731,2022-03-16
BENQI Liquid Staked AVAX,SAVAX,73.3,0.035,0.036,0.003,232010,108588792,2022-03-16
Index Coop - ETH 2x Flexible Leverage Index,ETH2X-FLI,66.16,0.049,0.06,0.119,2344685,68519516,2022-03-16
Chia,XCH,65.15,0.012,-0.021,-0.084,10252044,221396095,2022-03-16
Decred,DCR,56.87,0.02,0.143,0.088,25032753,787162797,2022-03-16
Enzyme,MLN,53.93,0.02,0.02,0.046,7197240,78254927,2022-03-16
cETH,CETH,53.71,-0.001,0.009,0.04,1088.54,3191011869,2022-03-16
Axie Infinity,AXS,50.46,0.036,0.062,0.089,288996469,3733676299,2022-03-16
Moonriver,MOVR,48.85,0.021,-0.025,-0.062,23687001,163974343,2022-03-16
Tornado Cash,TORN,47.91,0.023,0.006,-0.071,10096292,111960444,2022-03-16
FTX Token,FTT,42.37,0.02,0.024,0.045,91093038,5803217982,2022-03-16
Horizen,ZEN,38.73,0.015,0.061,0.026,29127070,469969529,2022-03-16
JUNO,JUNO,38.35,0.018,0.096,-0.03,11491328,1747597737,2022-03-16
Strike,STRK,37.95,0.007,0.014,-0.031,9721665,118658676,2022-03-16
Neutrino System Base Token,NSBT,36.47,0.014,0.09,0.349,365249,92043237,2022-03-16
Decentralized Social,DESO,33.97,0.005,0.111,0.192,768392,354095011,2022-03-16
Arweave,AR,32.52,-0.003,0.074,0.002,50636342,1637697784,2022-03-16
OEC Token,OKT,32.27,0.023,0.01,-0.062,5163788,488521386,2022-03-16
Xido Finance,XIDO,30.86,-0.027,-0.049,0.766,1464061,893636559,2022-03-16
Rocket Pool,RPL,30.03,0.024,0.041,0.15,578038,480593962,2022-03-16
Bitcoin Gold,BTG,29.74,0.018,0.028,0.032,9146317,517358240,2022-03-16
Cosmos Hub,ATOM,28.8,0.017,0.051,0.035,784802946,8346059118,2022-03-16
Waves,WAVES,28.62,0.014,0.081,0.273,1508088374,2862185867,2022-03-16
Numeraire,NMR,28.13,0.013,0.027,0,5247599,165855215,2022-03-16
Olympus,OHM,28.12,0.014,-0.019,-0.086,3529301,390854092,2022-03-16
Ethereum Classic,ETC,26.93,0.028,0.031,0.01,315618129,3573077723,2022-03-16
Wrapped NXM,WNXM,26.65,0.027,0.024,0.005,3964149,70945266,2022-03-16
Maple,MPL,25.38,-0.005,-0.019,0.154,3006803,114666914,2022-03-16
Tokemak,TOKE,25.32,0.03,0.076,-0.004,6123881,292863833,2022-03-16
Livepeer,LPT,23.82,0.03,0.023,0.024,11291907,589774119,2022-03-16
GMX,GMX,22.78,0.028,0.038,-0.062,3864455,168867621,2022-03-16
ICHI,ICHI,22.69,0.023,0.049,0.133,910181,99403281,2022-03-16
Helium,HNT,21.72,-0.002,0.048,0.026,22415718,2183873719,2022-03-16
NEO,NEO,20.13,0.024,0.028,-0.017,148274906,1406977569,2022-03-16
OKB,OKB,19.05,0.013,0.039,0.072,180398248,4944831000,2022-03-16
Banana,BANANA,18.71,0.016,-0.141,0.708,550846,83416764,2022-03-16
Polkadot,DOT,18.55,0.031,0.035,0.095,762198942,20175265447,2022-03-16
KuCoin Token,KCS,18.41,0.014,0.009,0.02,8578734,1390455505,2022-03-16
Convex Finance,CVX,18.29,0.038,0.054,0.147,45253981,979304335,2022-03-16
Frax Share,FXS,17.92,0.006,-0.011,0.006,4834916,1031430071,2022-03-16
Poollotto.finance,PLT,17.61,0.004,0.004,0.015,737205,152110576,2022-03-16
Filecoin,FIL,17.27,0.016,0.01,-0.041,264401106,3052322720,2022-03-16
Internet Computer,ICP,16.26,0.02,0.019,-0.035,158065484,3447698400,2022-03-16
BTC Standard Hashrate Token,BTCST,15.38,0.032,0.022,-0.08,10770376,110711281,2022-03-16
Rari Governance Token,RGT,14.92,0.021,-0.025,0.02,590959,167699043,2022-03-16
Chainlink,LINK,14.41,0.023,0.064,0.102,720924698,6696893329,2022-03-16
Ethereum Name Service,ENS,14.05,0.04,0.043,0.016,39284120,326307175,2022-03-16
RMRK,RMRK,13.65,0.03,0.044,0.006,4743523,128405686,2022-03-16
Augur,REP,13.43,0.019,0.02,-0.015,7904878,93213520,2022-03-16
Bounce,AUCTION,13.1,0.016,0.018,0.027,1741028,94296802,2022-03-16
LUKSO Token,LYXE,13.05,0.016,0.015,-0.001,1147300,198688328,2022-03-16
Spookyswap,BOO,12.83,0.028,-0.028,-0.109,5125254,114555634,2022-03-16
Balancer,BAL,11.45,0.028,0.022,0.01,24421512,123217404,2022-03-16
Dero,DERO,10.86,0.034,0.015,-0.141,810741,120268451,2022-03-16
Near,NEAR,10.61,0.041,0.032,0.091,402450393,6885969777,2022-03-16
Osmosis,OSMO,9.39,0.014,0.018,-0.001,94042665,3040277019,2022-03-16
Multichain,MULTI,9.19,0.014,0.049,-0.195,1481745,168453270,2022-03-16
Uniswap,UNI,9.05,0.032,0.04,0.025,188489995,4103226435,2022-03-16
Huobi Token,HT,8.98,0.01,0.009,-0.025,32112940,1392164927,2022-03-16
Hydra,HYDRA,8.93,0.005,-0.089,-0.004,444955,103576699,2022-03-16
Alpine F1 Team Fan Token,ALPINE,8.76,0.003,0.049,1.718,153521893,99922202,2022-03-16
Vulcan Forged,PYR,8.73,0.027,0.039,-0.044,38526780,207895650,2022-03-16
Venus,XVS,8.52,0.017,0.007,-0.011,7769662,102446263,2022-03-16
BTSE Token,BTSE,8.42,0.006,0.012,0.127,1644847,170044358,2022-03-16
Aurory,AURY,8.02,0.006,0.002,-0.008,1527291,76264310,2022-03-16
Prometeus,PROM,7.96,0.017,0.008,0.015,1069360,130200675,2022-03-16
Bitkub Coin,KUB,7.89,0.004,0,-0.034,2193655,698922310,2022-03-16
UMA,UMA,7.74,0.018,0.018,-0.016,46067620,503487995,2022-03-16
Badger DAO,BADGER,7.32,0.024,0.027,-0.006,4125819,72581913,2022-03-16
THORChain,RUNE,7.23,0.04,-0.059,0.769,297836092,2165143023,2022-03-16
THORChain (ERC20),RUNE,7.15,0.07,-0.07,0.762,1838591,115794807,2022-03-16
Aurora,AURORA,6.85,-0.001,-0.02,-0.059,1292731,155499279,2022-03-16
GateToken,GT,6.52,0.012,0.031,-0.005,7695401,979761512,2022-03-16
Kadena,KDA,6.23,0.024,0.009,0.031,58659719,1061714057,2022-03-16
Hermez Network,HEZ,6.09,0.009,0.003,0.014,105821,102164945,2022-03-16
My Neighbor Alice,ALICE,6.07,0.032,0.057,-0.002,99300009,105126141,2022-03-16
LEO Token,LEO,5.97,0.007,0.01,0.055,831673,5547865232,2022-03-16
Qtum,QTUM,5.95,0.029,0.023,0.036,79032386,612948390,2022-03-16
Somnium Space CUBEs,CUBE,5.9,0.024,0.055,0.114,223101,76435550,2022-03-16
Gitcoin,GTC,5.67,0.04,0.06,-0.005,13047215,80324424,2022-03-16
PancakeSwap,CAKE,5.57,0.026,0.01,-0.068,104112686,1530696417,2022-03-16
Flow,FLOW,5.43,0.017,0.023,-0.053,57457444,1923544184,2022-03-16
Zenon,ZNN,5.35,0.011,0.025,-0.019,42667.91,257245207,2022-03-16
Injective,INJ,5.33,0.027,0.024,0.021,16026155,256116913,2022-03-16
Energy Web Token,EWT,4.91,0.015,-0.009,0.042,2224285,205388247,2022-03-16
Platypus Finance,PTP,4.82,0.045,-0.049,-0.153,2928863,91532885,2022-03-16
API3,API3,4.7,0.028,-0.008,-0.101,29731985,230984150,2022-03-16
dYdX,DYDX,4.64,0.029,0.032,-0.036,95015055,396760804,2022-03-16
Aragon,ANT,4.62,0.027,0.05,0.051,31404911,176410722,2022-03-16
Secret,SCRT,4.61,0.017,0.008,0.027,19871872,763750478,2022-03-16
Radicle,RAD,4.43,0.018,0.016,0.021,5082786,182383890,2022-03-16
Seedify.fund,SFUND,4.33,0.016,0.033,-0.161,3442729,102337446,2022-03-16
Synthetix Network Token,SNX,4.24,0.053,0.079,0.084,63349615,903998693,2022-03-16
DeFi Kingdoms,JEWEL,4.16,0.04,0.016,-0.074,11440253,302825745,2022-03-16
OMG Network,OMG,4.11,0.019,0.016,0.081,106689838,574825195,2022-03-16
Mask Network,MASK,4.05,0.032,0.07,0.023,46857218,189430950,2022-03-16
FLEX Coin,FLEX,3.97,0.002,0.006,-0.002,1326196326,311600507,2022-03-16
Perpetual Protocol,PERP,3.85,0.019,0.012,-0.009,8343005,251018197,2022-03-16
GPEX,GPX,3.83,0.006,0.002,-0.072,179427,144648026,2022-03-16
xSUSHI,XSUSHI,3.8,0.002,0.033,0.055,107293,213613208,2022-03-16
Avalaunch,XAVA,3.78,0.029,0.032,-0.022,709787,84389747,2022-03-16
Band Protocol,BAND,3.62,0.027,0.05,0.043,25806815,149778191,2022-03-16
Tokamak Network,TON,3.57,0.01,0.025,-0.024,2216118,149004019,2022-03-16
Adshares,ADS,3.46,0.014,0.063,0.329,1223986,82839334,2022-03-16
Sovryn,SOV,3.43,0.006,-0.007,-0.071,406765,72604865,2022-03-16
Escoin Token,ELG,3.37,0.024,0.021,0.051,685965,228752259,2022-03-16
Tenset,10SET,3.3,0.016,0.03,0.434,3059468,289328276,2022-03-16
Persistence,XPRT,3.3,0.012,0.045,0.038,2580206,273550379,2022-03-16
Ergo,ERG,3.26,0.006,0.004,0.082,945449,168320273,2022-03-16
Celsius Network,CEL,3.18,0.009,0.032,0.098,3927635,1346075894,2022-03-16
Kava,KAVA,3.16,0.023,0.035,0.034,22753924,504959645,2022-03-16
Orion Protocol,ORN,3.13,0.066,0.069,0.022,10611478,108618470,2022-03-16
Sushi,SUSHI,3.12,0.036,0.069,0.082,132202954,603245561,2022-03-16
Anchor Protocol,ANC,3.1,0.06,0.088,-0.18,107525684,807556039,2022-03-16
The Sandbox,SAND,3.08,0.009,0.126,0.092,989130040,3486478110,2022-03-16
Kyber Network Crystal Legacy,KNCL,3.07,0.025,0.02,0,191301772,189342359,2022-03-16
Kyber Network Crystal,KNC,3.06,0.025,0.008,0.002,40287449,313785580,2022-03-16
Tezos,XTZ,3.05,0.021,0.025,0.013,114838106,2665887669,2022-03-16
Rai Reflex Index,RAI,3.03,0.001,-0.001,0.003,1012855,76393616,2022-03-16
Lido DAO,LDO,2.98,0.041,0.085,0.515,4675420,321983024,2022-03-16
CRYPTO20,C20,2.94,0.006,-0.047,-0.011,53097.41,98979226,2022-03-16
Theta Network,THETA,2.82,0.032,0.033,-0.004,118835496,2798708447,2022-03-16
Zipmex Token,ZMT,2.79,-0.002,0.004,-0.005,14206660,246790193,2022-03-16
Magic,MAGIC,2.78,0.069,0.283,0.004,7430205,136718105,2022-03-16
Qredo,QRDO,2.55,0.035,0.134,0.089,23819831,126060547,2022-03-16
Celo,CELO,2.52,0.022,0.037,-0.076,46620149,1074226736,2022-03-16
Raydium,RAY,2.51,0.013,0.056,0.035,33025947,227133027,2022-03-16
Decentraland,MANA,2.43,0.021,0.065,0.014,481292822,3652548066,2022-03-16
Render Token,RNDR,2.43,0.024,0.035,-0.031,23720000,560228533,2022-03-16
Yield Guild Games,YGG,2.43,0.027,0.009,-0.057,17537941,212099797,2022-03-16
Moonbeam,GLMR,2.38,0.023,0.038,-0.036,37324761,476681084,2022-03-16
Bancor Network Token,BNT,2.29,0.017,0.033,0.062,26117403,583581643,2022-03-16
Nano,XNO,2.2,-0.006,0.288,0.312,109830513,292516870,2022-03-16
NEXO,NEXO,2.19,0.015,0.031,0.098,4583402,1222563065,2022-03-16
DAO Maker,DAO,2.19,0.012,-0.01,-0.042,3559341,196210425,2022-03-16
Synapse,SYN,2.17,0.012,-0.078,0,9229483,380868743,2022-03-16
Merit Circle,MC,2.09,0.025,0.068,0.036,25892084,146317069,2022-03-16
EOS,EOS,2.06,0.019,0.032,0.048,337828464,2019196307,2022-03-16
Mobox,MBOX,2.04,0.026,-0.024,0.06,38070293,250469440,2022-03-16
Lisk,LSK,2.03,0.015,0.006,0.019,7600165,293297599,2022-03-16
Curve DAO Token,CRV,2.02,0.026,0.022,-0.006,150926378,791197822,2022-03-16
Astroport,ASTRO,2.02,0.034,-0.001,0.396,5991169,249658255,2022-03-16
Convex CRV,CVXCRV,1.95,0.038,0.021,0.007,96902.91,364340007,2022-03-16
Aavegotchi,GHST,1.95,0.007,0.008,0.017,28297857,117328055,2022-03-16
Serum,SRM,1.87,0.02,0.026,0.034,40405418,247791442,2022-03-16
Ronin,RON,1.86,0.023,0.029,-0.004,2243276,276423433,2022-03-16
MX Token,MX,1.86,0.016,0.017,0.029,380193,184031159,2022-03-16
Mina Protocol,MINA,1.81,0.015,0.105,-0.004,70360743,756143474,2022-03-16
iExec RLC,RLC,1.81,0.019,0.057,0.075,6449965,129524554,2022-03-16
Kava Swap,SWP,1.81,-0.009,-0.013,0.02,1850449,107989085,2022-03-16
Railgun,RAIL,1.78,0.013,0.056,-0.041,448935,102343090,2022-03-16
ChainX,PCX,1.77,0.054,0.172,0.078,445046,68530128,2022-03-16
Mirror Protocol,MIR,1.71,0.016,-0.046,0.13,109251651,247146075,2022-03-16
Dawn Protocol,DAWN,1.7,0.016,0.023,0.033,2418035,122765002,2022-03-16
GXChain,GXC,1.64,0.021,-0.008,-0.019,11166637,122187268,2022-03-16
Bonfida,FIDA,1.61,0.02,0.007,-0.114,4391814,85251644,2022-03-16
Immutable X,IMX,1.57,0.043,0.012,0.049,87629552,365315958,2022-03-16
Polkastarter,POLS,1.54,0.03,-0.012,0.31,200132514,135061007,2022-03-16
GuildFi,GF,1.54,0.005,0.007,0.041,7298293,66370610,2022-03-16
Metal,MTL,1.52,0.024,0.029,-0.007,12492929,98095635,2022-03-16
1inch,1INCH,1.5,0.021,0.111,0.163,120457113,616145134,2022-03-16
Polygon,MATIC,1.44,0.029,0.034,0,665458992,9860943646,2022-03-16
Pirate Chain,ARRR,1.44,0.023,0.028,0.312,1431339,269625697,2022-03-16
Flux,FLUX,1.43,0.016,0.022,0.087,15489371,330216558,2022-03-16
Enjin Coin,ENJ,1.4,0.018,0.05,0.046,133821819,1300650179,2022-03-16
Aave [OLD],LEND,1.36,0.026,0.08,0.038,5128.17,69502548,2022-03-16
SXP,SXP,1.34,0.022,0.059,0.038,71885529,258788391,2022-03-16
Coin98,C98,1.34,0.024,0.035,0.066,52212880,247303702,2022-03-16
Yoshi.exchange,YOSHI,1.34,0.038,0.135,0.244,3113291,173731724,2022-03-16
Hoo Token,HOO,1.34,-0.002,0.049,-0.014,8376366,111488236,2022-03-16
Travala.com,AVA,1.33,0.018,0.021,0.051,3953320,68723455,2022-03-16
Biconomy,BICO,1.31,0.012,0.077,0.035,29389338,151360962,2022-03-16
Propy,PRO,1.31,0.021,-0.039,-0.189,1379488,76264908,2022-03-16
LooksRare,LOOKS,1.29,0.086,0.177,0.231,48697099,306843547,2022-03-16
Stacks,STX,1.26,0.018,0.026,0.183,44370134,1317492670,2022-03-16
Fantom,FTM,1.22,0.043,0.022,-0.079,1173101401,3072929159,2022-03-16
Boba Network,BOBA,1.21,0.007,0.061,0.136,4382013,192933914,2022-03-16
Swarm,BZZ,1.2,0.013,0.049,-0.008,1500542,77516525,2022-03-16
Tomb,TOMB,1.18,0.031,0.01,-0.054,14140774,300452818,2022-03-16
Unibright,UBT,1.18,0.022,0.176,0.654,2875621,177414204,2022-03-16
CertiK,CTK,1.18,0.016,0.04,0.04,7896532,82919242,2022-03-16
TomoChain,TOMO,1.17,0.02,0.046,0.039,5201034,103142455,2022-03-16
Wilder World,WILD,1.17,0.065,-0.002,-0.127,4735954,97124495,2022-03-16
Ultra,UOS,1.15,0.01,0.024,-0.037,8976424,308351253,2022-03-16
Creditcoin,CTC,1.14,0.015,0.015,0.023,3179625,233390471,2022-03-16
TitanSwap,TITAN,1.13,0,-0.002,-0.072,24704.16,112504097,2022-03-16
BitDAO,BIT,1.12,0.025,0.019,0.036,54570658,993438990,2022-03-16
Ampleforth,AMPL,1.12,0.019,0.146,0.235,9846521,91484573,2022-03-16
Klaytn,KLAY,1.1,0.016,0.023,-0.012,57133059,3034567731,2022-03-16
Euro Tether,EURT,1.1,0.004,0.008,0.012,25282592,226370344,2022-03-16
MMFinance,MMF,1.1,0.015,0.043,0.325,41252022,150442869,2022-03-16
Acala,ACA,1.1,0.035,0.022,0.018,13275096,140584940,2022-03-16
STASIS EURO,EURS,1.1,0.006,0.008,0.014,4643750,136959838,2022-03-16
agEUR,AGEUR,1.1,0.003,0.003,0.011,3811883,115711833,2022-03-16
Adventure Gold,AGLD,1.1,-0.002,0.189,0.098,57235927,85075417,2022-03-16
Akash Network,AKT,1.09,0.016,-0.001,0.019,1755865,145104697,2022-03-16
Iron Bank EURO,IBEUR,1.08,0,-0.004,0.009,95258.1,130044220,2022-03-16
Phantasma,SOUL,1.08,0.028,0.13,-0.024,2762350,112079479,2022-03-16
Storj,STORJ,1.04,0.023,0.042,0.106,29384442,147999404,2022-03-16
flexUSD,FLEXUSD,1.01,0.001,0,0.004,179309,132954034,2022-03-16
Tether,USDT,1,-0.001,-0.001,0,57934969077,79965155138,2022-03-16
Binance USD,BUSD,1,-0.002,0.002,0.002,4039490120,17975175881,2022-03-16
TerraUSD,UST,1,-0.001,0.003,0.001,742209053,15025463384,2022-03-16
TrueUSD,TUSD,1,0,0.001,0.001,114862495,1404670246,2022-03-16
Neutrino USD,USDN,1,0.003,-0.001,0.007,15319422,687954763,2022-03-16
Fei USD,FEI,1,0.001,0,0.003,10254055,557210659,2022-03-16
Liquity USD,LUSD,1,0,0,-0.008,3222808,464727068,2022-03-16
Gemini Dollar,GUSD,1,0.003,0.001,0.001,3181078,355825684,2022-03-16
USD Coin,USDC,0.999874,-0.001,0,0,3872273611,52222137400,2022-03-16
Dai,DAI,0.999429,0,-0.001,0,311112491,9375312310,2022-03-16
mStable USD,MUSD,0.999331,0.001,0.003,0,207110,75247445,2022-03-16
Celo Dollar,CUSD,0.999208,0.003,0.005,0.001,770929,82951206,2022-03-16
HUSD,HUSD,0.999103,0,0.001,0,43235094,310668205,2022-03-16
MAI,MIMATIC,0.99909,0.002,0.006,0.002,11703582,269555684,2022-03-16
Pax Dollar,USDP,0.999025,-0.002,0.001,-0.001,57639449,994783973,2022-03-16
Frax,FRAX,0.998392,-0.002,0.001,0,18194194,2866968260,2022-03-16
Magic Internet Money,MIM,0.997676,0,0.004,0.002,44641451,2784271477,2022-03-16
Alchemix USD,ALUSD,0.997171,-0.001,-0.001,0,3032734,208898318,2022-03-16
sUSD,SUSD,0.995877,-0.001,0.001,-0.002,8450530,95584478,2022-03-16
Origin Dollar,OUSD,0.993428,0.001,-0.002,0.001,886336,150338408,2022-03-16
USDX,USDX,0.969027,0.008,0.015,0.001,876536,146788183,2022-03-16
Stratis,STRAX,0.931273,0.015,0.026,-0.014,3193483,125656753,2022-03-16
Crabada,CRA,0.908045,0.047,0.106,0.031,2532869,78203679,2022-03-16
JOE,JOE,0.883671,0.032,0.035,-0.097,8255024,161542087,2022-03-16
Hive,HIVE,0.869127,0.015,0.041,0.011,12455971,322775766,2022-03-16
Regen,REGEN,0.862787,0.018,0.036,0.002,113190,106505797,2022-03-16
Ark,ARK,0.834377,0.007,0.017,-0.028,2749604,137522294,2022-03-16
Cardano,ADA,0.824161,0.016,0.016,0.028,950718327,26331888060,2022-03-16
Basic Attention Token,BAT,0.822605,0.021,0.055,0.251,324813983,1223583998,2022-03-16
Telos,TLOS,0.819159,0.02,0.052,-0.096,4398496,212084558,2022-03-16
PLEX,PLEX,0.815228,0.013,0.028,-0.008,15377424,198958494,2022-03-16
MiL.k Alliance,MLK,0.81278,0.012,0.029,0.028,6771412,179537968,2022-03-16
PlayDapp,PLA,0.797778,0.021,0.04,-0.013,17641285,288940736,2022-03-16
XRP,XRP,0.785018,0.019,0.019,0.089,3925204682,37530785877,2022-03-16
HUNT,HUNT,0.769839,0.005,0.044,-0.032,72974143,83873286,2022-03-16
ICON,ICX,0.753601,0.026,-0.013,0.21,45059623,549632622,2022-03-16
Pundi X,PUNDIX,0.740085,0.014,0.022,-0.006,4296268,190637766,2022-03-16
XSGD,XSGD,0.73676,0.004,0.004,0.006,4120965,179572544,2022-03-16
Audius,AUDIO,0.735289,0.027,0.026,0.02,7909768,447883958,2022-03-16
SafePal,SFP,0.733022,0.027,0.023,-0.039,14792090,78755589,2022-03-16
Algorand,ALGO,0.731009,0.025,0.014,-0.01,151572159,4824820884,2022-03-16
Trust Wallet Token,TWT,0.721272,0.026,-0.084,0.065,45061838,248213542,2022-03-16
IOTA,MIOTA,0.712336,0.018,0.011,0.012,26950213,1976598984,2022-03-16
Loopring,LRC,0.710702,0.03,0.035,-0.033,112235393,881663508,2022-03-16
Pocket Network,POKT,0.699085,0.019,-0.003,-0.055,974551,580439408,2022-03-16
TempleDAO,TEMPLE,0.666697,0.021,-0.003,-0.025,1492924,71996496,2022-03-16
World Mobile Token,WMT,0.656382,0.002,0.005,-0.005,1215991,153058923,2022-03-16
PlatonCoin,PLTC,0.640304,-0.001,0.019,0.126,280435,69590558,2022-03-16
Keep Network,KEEP,0.609779,0.012,0.019,-0.066,2299639,333366751,2022-03-16
Coinmetro,XCM,0.609647,0.005,-0.055,-0.017,54700.31,184318822,2022-03-16
SuperFarm,SUPER,0.606166,0.025,0.012,0.023,15865086,173202752,2022-03-16
Sapphire,SAPP,0.564647,0.02,0.001,0.014,432768,470978131,2022-03-16
WazirX,WRX,0.558123,0.012,-0.002,-0.073,7071983,254216018,2022-03-16
BakerySwap,BAKE,0.548429,0.027,0.033,-0.005,11013168,104901896,2022-03-16
Tribe,TRIBE,0.543192,0.011,0.01,0.029,8017450,246535822,2022-03-16
STEPN,GMT,0.534126,0.073,0.573,2.935,1013704817,318571623,2022-03-16
Bitcoin Diamond,BCD,0.515751,0.008,0.025,-0.016,823683,96592411,2022-03-16
0x,ZRX,0.509791,0.025,0.035,0.028,29309302,427933388,2022-03-16
Power Ledger,POWR,0.503878,0.01,0.005,-0.023,32211271,216689443,2022-03-16
Ontology,ONT,0.499727,0.021,0.029,-0.011,30824913,433758425,2022-03-16
WOO Network,WOO,0.492556,0.019,0.087,0.124,60339780,467152311,2022-03-16
Function X,FX,0.488809,0.019,0.005,-0.005,2065790,228173732,2022-03-16
Wrapped Centrifuge,WCFG,0.486023,0.004,0.021,-0.008,1702240,97035126,2022-03-16
Hathor,HTR,0.479597,0.052,0.047,0.025,3389005,108345431,2022-03-16
Wanchain,WAN,0.473501,0.018,0.01,-0.024,7300330,91110234,2022-03-16
Ocean Protocol,OCEAN,0.469383,0.028,0.051,0.074,22022827,202627972,2022-03-16
Syscoin,SYS,0.468329,0.023,-0.031,-0.074,12673226,296323527,2022-03-16
Golem,GLM,0.465346,0.016,0.022,-0.085,15905189,464458665,2022-03-16
SuperRare,RARE,0.458127,0.018,0.029,0.029,16421385,66264262,2022-03-16
The Graph,GRT,0.440816,0.003,0.041,0.315,388652958,2731591470,2022-03-16
Origin Protocol,OGN,0.434115,0.007,-0.068,0.612,182478529,205164994,2022-03-16
SwissBorg,CHSB,0.428284,0.022,0.026,-0.054,1063375,403883855,2022-03-16
NuCypher,NU,0.419373,0.004,0.01,-0.098,4321357,342894249,2022-03-16
Stargaze,STARS,0.401895,0.014,-0.005,-0.125,1726553,300351592,2022-03-16
Cronos,CRO,0.401575,0.018,0.043,0.038,99233479,10108572460,2022-03-16
OriginTrail,TRAC,0.400529,0.016,0.009,-0.042,2381151,146343514,2022-03-16
DODO,DODO,0.391699,0.033,0.064,0,53854854,111498427,2022-03-16
DigitalBits,XDB,0.389141,0.023,0.216,0.209,3821494,296998483,2022-03-16
Beta Finance,BETA,0.387492,0.019,0.012,-0.072,18604900,138948965,2022-03-16
Polymath,POLY,0.384838,0.017,0.014,-0.036,12205658,344258737,2022-03-16
Chromia,CHR,0.37938,0.029,0.045,0.031,58407751,213564555,2022-03-16
Automata,ATA,0.367835,0.031,0.041,0.035,10518480,83514063,2022-03-16
Biswap,BSW,0.357696,0.019,0.042,0.149,5174312,80023062,2022-03-16
Dvision Network,DVI,0.348705,0.011,0.045,-0.169,893982,85948342,2022-03-16
REN,REN,0.338855,0.032,0.012,-0.012,41048178,337192089,2022-03-16
Fetch.ai,FET,0.327851,0.022,0.007,0.024,21546674,224454559,2022-03-16
Oxygen,OXY,0.325739,0.015,0.001,0.084,464624,65770433,2022-03-16
DUSK Network,DUSK,0.325281,0.021,-0.046,-0.038,27805515,129420731,2022-03-16
Decentral Games Governance,XDG,0.32163,0.01,0.013,0.002,121569,98858963,2022-03-16
aelf,ELF,0.318783,0.018,0.016,-0.012,12922826,145914636,2022-03-16
Steem,STEEM,0.315524,0.013,0.01,0.009,6019119,124507907,2022-03-16
Cartesi,CTSI,0.311626,0.02,-0.01,0.02,16935581,161866858,2022-03-16
ZoidPay,ZPAY,0.309582,0.037,0.049,0.32,200162,89683955,2022-03-16
Covalent,CQT,0.308264,0.022,-0.039,-0.147,4464667,78070115,2022-03-16
Decentral Games,DG,0.306293,0.005,0.002,0.003,854759,116422219,2022-03-16
Clover Finance,CLV,0.305749,0.02,0.01,-0.016,8210647,79586374,2022-03-16
Hxro,HXRO,0.305377,0.008,0.014,-0.062,133516,133894630,2022-03-16
MaidSafeCoin,MAID,0.29492,0.023,0.01,0.045,3041.72,132775927,2022-03-16
Alpha Finance,ALPHA,0.279294,0.018,0.054,0.021,7405255,124373230,2022-03-16
WAX,WAXP,0.274089,0.021,0.02,0,26837225,615219740,2022-03-16
ShapeShift FOX Token,FOX,0.273188,0.014,0.001,-0.005,593740,73980085,2022-03-16
Civic,CVC,0.268256,0.024,0.056,0.032,15009057,179389403,2022-03-16
Orchid Protocol,OXT,0.237795,0.021,0,0.066,12106980,139760673,2022-03-16
AIOZ Network,AIOZ,0.237396,0.047,0.287,0.241,13715452,114207956,2022-03-16
Utrust,UTK,0.233365,0.018,-0.011,-0.007,6103029,107165105,2022-03-16
Oasis Network,ROSE,0.227889,0.036,0.07,0.027,65843862,794382929,2022-03-16
Gala,GALA,0.227781,0.026,0.047,0.037,551763058,1714837250,2022-03-16
Retreeb,TREEB,0.225841,0.035,0.137,0.07,905540,70125336,2022-03-16
Mdex,MDX,0.223833,0.018,0.029,0.051,7274677,192821569,2022-03-16
AllianceBlock,ALBT,0.222035,0.025,0.075,0.046,594392,85612394,2022-03-16
Request,REQ,0.218404,0.018,-0.001,0.122,18881863,168625356,2022-03-16
Aergo,AERGO,0.216541,0.011,0.003,-0.14,8958942,78030243,2022-03-16
Velas,VLX,0.213154,0,0.004,-0.037,4105033,483094532,2022-03-16
AscendEx Token,ASD,0.210282,0.006,-0.012,-0.03,2234800,154656421,2022-03-16
COTI,COTI,0.201515,0.017,0.048,0.008,15582614,210898806,2022-03-16
Hedera,HBAR,0.200008,0.012,-0.007,-0.024,65559083,3922919996,2022-03-16
Chiliz,CHZ,0.198241,0.026,0.024,0.02,109408277,1049331415,2022-03-16
Ardor,ARDR,0.192938,0.014,0.02,-0.011,6272018,191059042,2022-03-16
NKN,NKN,0.192439,0.03,0.078,0.064,9196680,124009174,2022-03-16
Everscale,EVER,0.191627,-0.011,-0.009,0.001,6416.99,261949792,2022-03-16
Stellar,XLM,0.186969,0.017,0.026,0.079,257508818,4584325546,2022-03-16
TrueFi,TRU,0.180166,0.025,-0.008,0.069,9656824,115725924,2022-03-16
Rally,RLY,0.180078,0.026,0.001,-0.058,3356848,464413872,2022-03-16
Presearch,PRE,0.179852,0.022,-0.042,0,598873,70111160,2022-03-16
bZx Protocol,BZRX,0.177963,0.022,0.427,0.48,16.65,74186632,2022-03-16
cUNI,CUNI,0.177688,0.001,0.008,0,818771,86960205,2022-03-16
Sperax,SPA,0.166557,0.008,-0.017,-0.021,464074,129752776,2022-03-16
Ellipsis,EPS,0.164725,0.014,0.036,0.042,8159278,102630468,2022-03-16
Theta Fuel,TFUEL,0.162482,0.024,0.007,0.064,16105407,1886178774,2022-03-16
Handshake,HNS,0.156275,0.019,-0.054,-0.108,197146,73747459,2022-03-16
Constellation,DAG,0.152116,0.013,-0.013,0.249,1019712,382521151,2022-03-16
RSK Infrastructure Framework,RIF,0.150149,0.017,0.032,0.007,1193005,123524355,2022-03-16
Bifrost,BFC,0.149179,0.013,0.017,0.01,1366910,157313585,2022-03-16
Mango,MNGO,0.148804,0.021,0.011,-0.026,535237,152354623,2022-03-16
Victoria VR,VR,0.144477,0.051,-0.003,0.032,7068380,117291824,2022-03-16
IDEX,IDEX,0.142817,0.013,-0.002,-0.018,22972045,90978713,2022-03-16
Harmony,ONE,0.127445,0.025,0.017,-0.012,75144435,1499937034,2022-03-16
Kirobo,KIRO,0.126408,0.019,0.019,-0.074,30233.26,119964465,2022-03-16
SKALE,SKL,0.12635,0.013,0.043,0.112,11283316,407687711,2022-03-16
e-Radix,EXRD,0.122181,0.022,0.063,0.004,2588295,484119330,2022-03-16
Radix,XRD,0.121859,0.015,0.064,-0.001,215995,1198319388,2022-03-16
Conflux,CFX,0.116231,0.02,0.007,-0.072,4957635,180397101,2022-03-16
Dogecoin,DOGE,0.11566,0.015,0.023,-0.011,451839687,15312260998,2022-03-16
MXC,MXC,0.104299,0,0.031,0.175,21346445,255853059,2022-03-16
Astar,ASTR,0.10323,0.009,0.007,0.032,7991761,205235595,2022-03-16
Beldex,BDX,0.101366,0.018,0.013,0.44,172723,152144019,2022-03-16
NEM,XEM,0.098240606,0.021,0.043,0.037,20866042,879585159,2022-03-16
Alien Worlds,TLM,0.09654588,0.036,0.039,-0.002,44383919,119120382,2022-03-16
Sifchain,EROWAN,0.091107956,0.026,-0.024,-0.023,3841586,70322023,2022-03-16
STP Network,STPT,0.085865789,0.007,0.006,-0.041,11751380,125461512,2022-03-16
SingularityNET,AGIX,0.084142124,0.026,-0.003,-0.036,868150,73918145,2022-03-16
Metadium,META,0.076908862,0.007,-0.036,0.046,32828560,129878030,2022-03-16
IoTeX,IOTX,0.076638518,0.042,0.007,0.117,91722669,717099434,2022-03-16
Orbs,ORBS,0.072194785,0.006,0.02,0.023,28204447,208178410,2022-03-16
Ankr,ANKR,0.072181813,0.023,0.016,-0.064,40789205,587511707,2022-03-16
ARPA Chain,ARPA,0.068515692,0.028,0.026,-0.008,14838311,66892485,2022-03-16
Casper Network,CSPR,0.063408018,0.023,0.101,0.019,11186869,262580070,2022-03-16
Songbird,SGB,0.062799688,0.022,0.006,-0.137,2629530,486741272,2022-03-16
Divi,DIVI,0.06259334,-0.003,0.057,-0.041,232874,172881299,2022-03-16
CoinEx Token,CET,0.061152344,0.005,0.035,0.072,862651,226665111,2022-03-16
TRON,TRX,0.060751876,0.011,0.005,0.003,608305288,6139215131,2022-03-16
ConstitutionDAO,PEOPLE,0.060612313,0.061,0.102,0.075,143678395,307184638,2022-03-16
Status,SNT,0.056745128,0.012,0.007,-0.034,7688360,219753630,2022-03-16
PEAKDEFI,PEAK,0.056409522,0.004,0.007,-0.175,51980.14,76293156,2022-03-16
IRISnet,IRIS,0.055724268,0.022,-0.008,-0.027,6277598,68613799,2022-03-16
Pylon Protocol,MINE,0.053553942,0.011,0.046,0.093,1026416,102790559,2022-03-16
Ravencoin,RVN,0.051804162,0.027,0.042,0.006,19390191,538520749,2022-03-16
XDC Network,XDC,0.050635432,-0.002,-0.022,0.097,9930593,616292915,2022-03-16
BENQI,QI,0.049616183,0.036,0.011,-0.023,9851172,77090931,2022-03-16
JUST,JST,0.048936164,0.013,0.005,0.033,74944693,355779812,2022-03-16
VeChain,VET,0.047848055,0.028,0.033,0.028,283498801,3172681612,2022-03-16
PlatON Network,LAT,0.045411075,0.011,0.01,-0.058,4190176,108434635,2022-03-16
Metahero,HERO,0.045156504,0.023,0.034,-0.106,8366250,233755062,2022-03-16
Humans.ai,HEART,0.044270475,0.025,0.086,-0.547,1852838,1309127902,2022-03-16
Everdome,DOME,0.042328407,-0.004,0.09,-0.07,44769576,363656510,2022-03-16
Zilliqa,ZIL,0.041008132,0.033,0.032,0.047,37965285,571307984,2022-03-16
Alchemy Pay,ACH,0.040564969,0.018,0.035,-0.003,9350241,166194387,2022-03-16
Medibloc,MED,0.040119248,0.011,0.025,0.025,7724520,215001420,2022-03-16
Circuits of Value,COVAL,0.038262751,-0.001,0.035,-0.038,601191,69008937,2022-03-16
Celer Network,CELR,0.03706891,0.029,0.028,-0.003,35862409,208463091,2022-03-16
RIZON,ATOLO,0.035663494,0.046,0.023,-0.016,331202,72989274,2022-03-16
Dock,DOCK,0.033479548,0.024,-0.002,0,3240870,70448413,2022-03-16
KardiaChain,KAI,0.03310605,0.005,0.012,0.092,3633167,110596002,2022-03-16
DEAPCOIN,DEP,0.027606423,0.004,-0.009,-0.133,5292541,128916638,2022-03-16
Amp,AMP,0.025036138,0.018,0.007,0.003,8084731,1198878147,2022-03-16
IOST,IOST,0.02256876,0.025,0.011,0.015,35343794,517770891,2022-03-16
cUSDC,CUSDC,0.022533007,-0.001,0.001,0.001,41.83,2449140377,2022-03-16
cDAI,CDAI,0.02189579,-0.001,0,0,93.89,1942222665,2022-03-16
cUSDT,CUSDT,0.021768404,0,0,0,8111.5,775425368,2022-03-16
JasmyCoin,JASMY,0.021231711,0.005,0.253,0.913,480261670,99367227,2022-03-16
Klever,KLV,0.021137783,0.027,0.034,0.054,4429411,109983784,2022-03-16
Verasity,VRA,0.020985885,0.048,0.056,0.009,58902495,92248152,2022-03-16
DigiByte,DGB,0.01966813,0.03,0.018,0.059,15693285,297257419,2022-03-16
Nerve Finance,NRV,0.017464923,0.001,-0.028,-0.087,37129.53,77747624,2022-03-16
Smooth Love Potion,SLP,0.016547553,0.019,0.018,-0.076,99341158,614525601,2022-03-16
XYO Network,XYO,0.016347118,0.001,0.009,-0.032,4569339,202482367,2022-03-16
QuarkChain,QKC,0.015632618,0.009,0.006,-0.019,2276212,103653419,2022-03-16
Vader Protocol,VADER,0.014381539,-0.039,-0.096,-0.337,1480880,72963217,2022-03-16
StormX,STMX,0.013991864,0.025,0.022,0.003,2316593,128800635,2022-03-16
Reserve Rights Token,RSR,0.013806376,0.015,0.136,0.133,58160962,182389151,2022-03-16
Sun Token,SUN,0.011599572,0.012,0.013,0.02,35127631,121791772,2022-03-16
Proton,XPR,0.01097843,0.022,-0.02,-0.067,4912504,107238670,2022-03-16
FUNToken,FUN,0.010933267,0.012,-0.004,-0.011,853332,115804492,2022-03-16
Nervos Network,CKB,0.010554841,0.014,0.02,-0.015,6162463,316458006,2022-03-16
Verge,XVG,0.00912706,0.024,0.027,-0.047,4578538,149908633,2022-03-16
Everipedia,IQ,0.00900614,0.007,0.031,0.022,3388475,89718345,2022-03-16
Siacoin,SC,0.008880297,0.018,0.022,-0.004,12295120,446937901,2022-03-16
Reef Finance,REEF,0.008455524,0.024,0.025,0.034,21823319,153505883,2022-03-16
ThunderCore,TT,0.007869638,0.006,-0.003,0.018,13601229,67862398,2022-03-16
Carry,CRE,0.007639549,0.014,-0.023,-0.001,15140717,66948840,2022-03-16
Hifi Finance,MFT,0.007556118,0.011,-0.054,0.052,58152200,70736052,2022-03-16
ShareToken,SHR,0.007189378,0.013,-0.046,-0.138,221837,69453171,2022-03-16
inSure DeFi,SURE,0.005989953,0.025,0.121,0.163,1229192,156870603,2022-03-16
Electroneum,ETN,0.005086663,0.017,0.026,-0.017,176858,89440714,2022-03-16
Telcoin,TEL,0.004899527,0.008,0.027,-0.011,2843059,301743735,2022-03-16
Holo,HOT,0.004147966,0.027,0.027,0.028,63199499,734353201,2022-03-16
Spell Token,SPELL,0.003547902,0.015,0.009,-0.059,27285439,317144040,2022-03-16
ECOMI,OMI,0.003406821,0.019,0.027,-0.219,3444049,1976983567,2022-03-16
VeThor Token,VTHO,0.003245193,0.021,-0.004,0.062,5301268,147086117,2022-03-16
Cratos,CRTS,0.002952177,-0.009,-0.037,-0.13,13535131,203670465,2022-03-16
Dent,DENT,0.002351314,0.023,0.017,0.008,18982568,223840664,2022-03-16
Radio Caca,RACA,0.001341144,0.028,0.041,0.099,15540182,273386276,2022-03-16
SafeMoon,SFM,0.001028389,0.038,-0.034,-0.088,406894,566255393,2022-03-16
EverRise,RISE,0.000950734,0.013,0.081,0.03,423218,66340451,2022-03-16
Pundi X [OLD],NPXS,0.000600992,0,-0.015,-0.128,0,142146180,2022-03-16
Power Cash,PRCH,0.00054874,-0.01,-0.023,-0.007,107256,164420955,2022-03-16
WINkLink,WIN,0.000266334,0.011,0.02,-0.009,126343198,255157055,2022-03-16
eCash,XEC,7.93E-05,0.019,-0.005,0.144,37446216,1497455570,2022-03-16
Kin,KIN,4.11E-05,-0.022,0.094,-0.008,1152459,73595419,2022-03-16
Floki Inu,FLOKI,2.83E-05,0.04,0.042,-0.037,6481180,257703958,2022-03-16
Shiba Inu,SHIB,2.24E-05,0.024,0.028,-0.021,546344871,12186102832,2022-03-16
VVS Finance,VVS,2.23E-05,0.018,0.022,-0.087,3849460,235411080,2022-03-16
StarLink,STARL,1.44E-05,0.045,0.022,-0.004,13867876,143867182,2022-03-16
UFO Gaming,UFO,7.53E-06,0.03,0.033,-0.009,5098371,191533622,2022-03-16
BitTorrent,BTT,1.81E-06,0.007,0.022,0.003,87836205,1675881629,2022-03-16
OpenDAO,SOS,1.71E-06,0.03,0.053,-0.09,14382323,67555662,2022-03-16
APENFT,NFT,1.52E-06,0.004,0.005,-0.047,69002807,421365369,2022-03-16
Dogelon Mars,ELON,7.24E-07,0.043,0.072,0.028,10950097,394017729,2022-03-16
SafeMoon [OLD],SAFEMOON,5.06E-07,0.02,0.025,0.003,3503.42,277800683,2022-03-16
FEG Token BSC,FEG,3.98E-09,0.028,0,0.05,505356,166612893,2022-03-16
FEG Token,FEG,3.71E-09,0.017,0.009,0.024,1093047,151073649,2022-03-16
Bezoge Earth,BEZOGE,3.05E-09,0.012,-0.005,-0.041,189402,132913608,2022-03-16
Baby Doge Coin,BABYDOGE,2.86E-09,0.026,0.021,-0.039,10651029,452640717,2022-03-16
Kishu Inu,KISHU,1.54E-09,0.046,0.094,0.147,7104908,149823531,2022-03-16
